Time,Temp,Temp_Max,Weather,Snow,Wind,PrevailingWind,SecondaryWind,Humidity,Barometer,Barometer_1day,Barometer_2day
,27.5,30,,0,14.5,S,,0.7375,29.8675,,
,21.75,24,,0,10.25,N,,0.735,29.885,29.8675,
,23.25,26,,1,4.5,S,,0.795,30.005,29.885,29.8675
,28.75,29,,0,16.75,N,,0.8175,30.0125,30.005,29.885
,14,19,,0,7,S,,0.805,30.3025,30.0125,30.005
,22.75,33,,1,6.75,S,,0.79875,30.190625,30.220625,29.97625
